P0001;Lorenzo Cantón Galan;fluffy@verizon.net;(394) 406-8708;63;1
P0002;Adelina Valls Canet;fraterk@me.com;(923) 207-3871;4250;1
P0003;Eulalia del Galindo;animats@mac.com;(904) 363-2261;2412;3
P0004;Tania Catalán Galván;tbeck@icloud.com;(923) 671-4117;3348;3
P0005;Abraham Girón-Soler;mallanmba@yahoo.ca;(841) 798-8943;570;3
P0006;Erasmo Gibert Quevedo;kosact@sbcglobal.net;(559) 515-6369;261;2
P0007;Ana Belén Mayo Correa;bastian@aol.com;(715) 328-4811;4733;1
P0008;Valentina Enríquez Montalbán;lukka@mac.com;(953) 242-4312;18254;2
P0009;Pastor Querol Verdugo;sjava@yahoo.com;(429) 355-6554;2128;3
P0010;Andrés Saavedra Castelló;shawnce@me.com;(399) 380-2112;310;3
P0011;Juliana Márquez Huguet;moinefou@hotmail.com;(242) 702-4300;3536;3
P0012;África Fernandez Calatayud;bebing@att.net;(479) 987-5028;71;2
P0013;Carlito Domínguez Cortes;afifi@yahoo.com;(669) 494-0889;5258;1
P0014;Heliodoro Baños Sainz;zavadsky@gmail.com;(495) 936-2371;8121;1
P0015;Arturo Ferrán Terrón;neonatus@yahoo.ca;(901) 585-8039;211;1
P0016;Serafina Marcela Solano Alfaro;nichoj@yahoo.com;(243) 646-8371;3391;1
P0017;María Pilar Jódar Gómez;kwilliams@icloud.com;(577) 722-8909;5752;1
P0018;Verónica Carmina Riba Criado;presoff@aol.com;(965) 536-3236;4332;2
P0019;Bernardita Royo León;samavati@yahoo.com;(970) 954-6303;7601;2
P0020;Carlito Peñas Prado;philen@verizon.net;(988) 713-8842;607;3
P0021;Inmaculada Aurora Cantero Peralta;sacraver@aol.com;(618) 384-8498;8231;3
P0022;Sebastian Carnero Uriarte;seano@hotmail.com;(727) 291-1259;2203;1
P0023;Eusebia Peñalver Abellán;fudrucker@aol.com;(620) 870-4407;1635;2
P0024;Fermín Amor Piña;burns@aol.com;(588) 599-4372;5861;3
P0025;Joaquín Duarte Lerma;jdhedden@live.com;(225) 424-7303;2021;3
P0026;Vilma de Rosado;maratb@att.net;(386) 943-6501;351;1
P0027;Gaspar Alsina Orozco;darin@hotmail.com;(253) 267-0135;7806;3
P0028;Maricruz Tejedor Pons;alastair@verizon.net;(818) 803-6439;1089;3
P0029;Maximino del Prada;dunstan@verizon.net;(458) 694-0732;8065;3
P0030;Ruth Guardia Sevillano;bhtower@msn.com;(594) 738-2085;747;2
P0031;Fermín Gimeno Aguirre;yenya@aol.com;(621) 889-1552;352;3
P0032;Selena Nebot Montes;guialbu@me.com;(789) 438-6462;2036;3
P0033;Daniel Soriano-Mesa;adamk@live.com;(876) 988-8149;3546;1
P0034;Leoncio Yáñez Grau;temmink@gmail.com;(474) 585-5295;7444;1
P0035;Macaria de Santamaría;mavilar@msn.com;(969) 346-7723;8474;1
P0036;Tere Alberto Urrutia;ajohnson@yahoo.ca;(221) 271-5402;849;2
P0037;Adriana Salvà;jkegl@icloud.com;(424) 740-7029;2929;3
P0038;Adán Bernad;hakim@yahoo.com;(604) 786-5700;1062;2
P0039;Roberta Villegas Ibañez;mlewan@mac.com;(979) 293-4899;2836;1
P0040;Odalys García Roma;dhwon@verizon.net;(937) 737-8674;5403;3
P0041;Mar Millán Pons;themer@me.com;(942) 814-8944;4510;1
P0042;Poncio Osorio Pujol;jaffe@hotmail.com;(559) 957-3199;5287;1
P0043;Susanita Gargallo Domingo;bachmann@comcast.net;(436) 749-5800;3707;1
P0044;Heriberto Velasco;frode@mac.com;(845) 334-6783;1640;2
P0045;Diego Almansa Morata;hyper@optonline.net;(689) 268-4318;5497;2
P0046;Cosme Ros Manzanares;martyloo@optonline.net;(647) 206-3077;2561;2
P0047;Teo Velázquez Mas;anicolao@aol.com;(789) 832-3505;5261;1
P0048;Cayetana del Menendez;ralamosm@me.com;(540) 287-1678;1184;1
P0049;Bernarda Simó Vendrell;khris@me.com;(509) 591-3937;5977;2
P0050;Marcio Ropero Vila;preneel@verizon.net;(657) 740-8843;3599;3
P0051;Jordana Téllez Gallo;slanglois@yahoo.com;(487) 758-3577;938;2
P0052;Pepita Prats Torrens;fudrucker@mac.com;(568) 979-5050;685;3
P0053;Clarisa Abril Tudela;jbarta@comcast.net;(402) 453-5695;5603;1
P0054;Miguel Alvarado Goñi;jbearp@comcast.net;(329) 568-2249;4006;3
P0055;Tecla Cerdán Novoa;matthijs@gmail.com;(611) 600-2978;2151;2
P0056;Brígida Rocamora Calvo;mglee@hotmail.com;(439) 619-2527;1172;1
P0057;Jesús Abad Lago;chaikin@optonline.net;(465) 470-3259;8455;1
P0058;Vera Salmerón Montoya;ateniese@hotmail.com;(570) 455-8363;4118;1
P0059;Marcial Carbajo Lorenzo;snunez@me.com;(886) 207-9485;6443;1
P0060;Octavia del Álvaro;jmorris@mac.com;(248) 371-2298;3392;2
P0061;Quique Seguí-Amador;yzheng@mac.com;(281) 734-3321;1437;3
P0062;Aarón Aparicio Becerra;madler@gmail.com;(615) 502-3945;6440;1
P0063;Bárbara de Bru;sravani@me.com;(541) 274-1193;7879;1
P0064;Palmira Solís Murcia;sacraver@outlook.com;(440) 290-5840;5092;3
P0065;Rufina Marti-Baena;emmanuel@icloud.com;(808) 840-3996;1496;1
P0066;Lorenzo Cuéllar Huertas;csilvers@optonline.net;(285) 608-7285;4562;3
P0067;Danilo Hervia;wildfire@comcast.net;(282) 971-1586;2993;1
P0068;Nazario Diego Pallarès Benavides;darin@live.com;(881) 628-7284;2227;2
P0069;Matilde del Catalá;enintend@comcast.net;(730) 474-4521;6922;2
P0070;Amador Bonilla Fonseca;duchamp@optonline.net;(560) 388-7690;4602;3
P0071;Caridad Mendizábal;bjoern@msn.com;(654) 623-3400;4563;2
P0072;Flora Vila Cardona;carroll@yahoo.ca;(811) 794-2093;2456;3
P0073;Rico Mayo;roamer@verizon.net;(848) 852-4024;4254;2
P0074;Mónica Molina-Pérez;reeds@me.com;(649) 971-1589;6908;2
P0075;Malena Olivera Ropero;boein@msn.com;(415) 786-5209;8151;2
P0076;Buenaventura Vallejo Camacho;drhyde@aol.com;(477) 828-9575;3999;3
P0077;Julia Chaves Nieto;jkegl@live.com;(837) 909-8679;3279;1
P0078;Camilo Gutiérrez Soto;madler@comcast.net;(479) 253-7790;7858;2
P0079;Pascual Aurelio Cañas Ponce;gommix@comcast.net;(612) 688-9292;3446;1
P0080;Nilda Torralba Leon;jigsaw@outlook.com;(238) 635-8141;1309;3
P0081;Bautista Dani Talavera Simó;kosact@gmail.com;(442) 286-6384;6202;2
P0082;Álvaro Cortina Peralta;juliano@att.net;(821) 321-1326;5704;3
P0083;Manu Fernandez;raides@yahoo.com;(650) 990-3292;715;3
P0084;Natalia Muñoz Anaya;baveja@outlook.com;(367) 878-4745;2676;1
P0085;Tatiana Morales Palomares;gboss@me.com;(969) 236-0495;6536;3
P0086;Imelda Navas;sinkou@me.com;(622) 347-3826;5457;3
P0087;Guadalupe de Andreu;okroeger@sbcglobal.net;(756) 446-1210;811;1
P0088;Gabriela Nuñez;matsn@optonline.net;(500) 650-6099;781;3
P0089;Candelas Romero;kourai@gmail.com;(742) 734-1819;6005;1
P0090;Flor Cabrera Casares;boftx@me.com;(361) 648-9813;2054;1
P0091;Maite Vargas Roldan;erynf@sbcglobal.net;(814) 244-3554;8367;2
P0092;Octavio Clemente;mwandel@hotmail.com;(271) 522-4588;3322;3
P0093;Balduino Pastor Luque;chinthaka@att.net;(595) 208-0611;4970;3
P0094;Luís de Barrena;gfxguy@outlook.com;(882) 993-7396;1379;1
P0095;Hector Prat-Río;gknauss@mac.com;(948) 301-7736;2211;2
P0096;Dionisio Cervantes Barranco;microfab@live.com;(292) 370-9721;863;1
P0097;Remedios Estefanía Montesinos Ponce;tsuruta@verizon.net;(611) 450-1767;7118;2
P0098;Chelo Acedo-Corominas;heroine@live.com;(394) 225-8488;8172;1
P0099;Tecla de Manuel;curly@icloud.com;(526) 975-2687;7446;2
P0100;Victor Manuel del Castilla;duchamp@sbcglobal.net;(253) 506-2793;3660;1
P0101;Noa Ballesteros Pozo;dbrobins@hotmail.com;(922) 886-2008;4164;1
P0102;Nicodemo Humberto Fuster Pina;madanm@comcast.net;(898) 272-0195;2421;2
P0103;Clotilde Pinilla;gozer@outlook.com;(346) 568-2922;1705;3
P0104;Paloma Boada-Arnal;jguyer@hotmail.com;(937) 604-0130;3993;1
P0105;Jose Antonio Moles;samavati@verizon.net;(897) 610-0241;4810;3
P0106;Vera Daza Taboada;jandrese@yahoo.com;(374) 232-0419;415;1
P0107;Ale Talavera Soto;seano@me.com;(446) 718-0842;6362;1
P0108;Odalys Zoraida Vázquez Peiró;studyabr@live.com;(352) 445-0012;4451;3
P0109;Basilio Esteve-Llopis;adillon@icloud.com;(823) 574-1419;6462;3
P0110;Eloísa Parejo Donaire;ijackson@live.com;(455) 515-7886;861;1
P0111;Bruno Giménez Luz;sassen@outlook.com;(266) 971-9674;3939;1
P0112;Matilde Suarez Coronado;hahsler@sbcglobal.net;(316) 508-9614;7740;2
P0113;Claudia Valderrama Cerro;pappp@comcast.net;(420) 732-4769;4230;1
P0114;Ruperta Diéguez Rosales;carroll@live.com;(601) 439-6030;4634;2
P0115;Rafa Giner Bastida;munson@gmail.com;(937) 741-3314;4061;2
P0116;Luciana Josefina Castilla Rebollo;murty@verizon.net;(859) 274-5984;7349;3
P0117;Teodosio Carbó-Cruz;barnett@sbcglobal.net;(408) 285-3935;5774;1
P0118;Rebeca de Grande;bartak@att.net;(520) 736-2628;2261;1
P0119;Anita del Borja;nelson@me.com;(710) 869-5396;1659;3
P0120;Erasmo Cándido Vilar Villar;markjugg@comcast.net;(568) 539-1043;7054;2
P0121;Chita Barco-Aguilera;mirod@live.com;(479) 870-9842;3738;2
P0122;María Teresa Hernando-Cepeda;chronos@msn.com;(259) 463-1445;7630;3
P0123;Adora Bastida Uría;treit@comcast.net;(468) 616-4221;6453;2
P0124;Juan Bautista Jesús Gibert Alcázar;drolsky@hotmail.com;(205) 367-3867;8430;3
P0125;Yésica Porcel Peláez;ralamosm@msn.com;(660) 795-3790;3614;3
P0126;Graciana Guardiola Melero;yruan@yahoo.ca;(399) 724-3168;1833;1
P0127;Ricarda Alarcón Barco;dimensio@optonline.net;(624) 576-2749;565;2
P0128;Ariel Guerrero Torrent;scitext@msn.com;(711) 582-0718;837;3
P0129;Desiderio Balaguer Bartolomé;uraeus@gmail.com;(797) 904-1991;280;3
P0130;Roberto Ribes-Marco;jmorris@outlook.com;(280) 622-5156;343;3
P0131;Marita Pilar Losa Alonso;matloff@hotmail.com;(445) 852-4974;2508;3
P0132;Hugo Martí;jschauma@outlook.com;(881) 863-9461;3508;1
P0133;Epifanio Roldán Bautista;firstpr@att.net;(504) 730-3023;8346;2
P0134;Leocadio Ramírez Segarra;parrt@optonline.net;(514) 791-8993;3979;3
P0135;Juliana del Cano;andersbr@icloud.com;(287) 956-0147;8037;3
P0136;María Dolores Aguilar Silva;linuxhack@att.net;(966) 692-2071;5100;3
P0137;Fabricio Barrera Nuñez;msherr@me.com;(876) 218-8211;2001;3
P0138;Nydia Anguita;bryanw@hotmail.com;(882) 953-9260;4987;3
P0139;Nazaret del Nieto;mugwump@verizon.net;(258) 824-3888;6927;2
P0140;Piedad Camino Manso;pjacklam@live.com;(950) 358-4673;7974;3
P0141;Paulina del Gonzalo;paulv@verizon.net;(907) 363-6305;7178;3
P0142;Benito Pi Pedraza;simone@att.net;(794) 588-1941;8184;3
P0143;Plinio Garcia;kosact@hotmail.com;(581) 781-6055;1107;2
P0144;Dionisia Castañeda Abad;codex@mac.com;(244) 941-2269;7125;1
P0145;Rosaura Sans Peñas;madanm@mac.com;(628) 605-5467;1916;3
P0146;Eliseo Ródenas Llabrés;jimmichie@hotmail.com;(713) 545-9434;8386;3
P0147;Mateo Coll;adhere@verizon.net;(425) 780-9794;3304;3
P0148;Regina Blanca-Rico;sinkou@optonline.net;(380) 524-7754;3943;1
P0149;Juan Luis Alba Tejero;rhialto@hotmail.com;(360) 861-8107;6488;3
P0150;Julián Hernando Peñas;bjoern@aol.com;(808) 822-1969;7832;1
P0151;Fabricio Heredia Acero;horrocks@sbcglobal.net;(925) 518-4651;5512;3
P0152;Candelas Mena Llabrés;michiel@icloud.com;(731) 583-7006;888;1
P0153;Salomón Mas Rico;geeber@hotmail.com;(587) 241-5488;7718;3
P0154;Teófilo Palacios-Coronado;citadel@gmail.com;(252) 374-2954;783;2
P0155;Jeremías de Amor;scottlee@icloud.com;(617) 798-1631;335;1
P0156;Trini Quirós Ferrero;mjewell@mac.com;(337) 320-8139;7562;1
P0157;Benigno Viña-Camacho;sartak@comcast.net;(485) 259-0963;3385;2
P0158;Benigna Berenguer Palacio;valdez@me.com;(343) 410-7273;4936;3
P0159;Amor Blázquez Pizarro;ehood@msn.com;(820) 810-0778;348;2
P0160;Luisina Flores Olivé;msusa@outlook.com;(565) 671-8348;1439;1
P0161;Ester Llanos Sanmartín;agolomsh@me.com;(960) 816-1949;4590;3
P0162;Leandro Sancho Gil;naoya@mac.com;(918) 296-3965;7353;1
P0163;Ciro Cayetano Tolosa Miralles;atmarks@outlook.com;(324) 252-3532;762;1
P0164;Corona Escalona Alfonso;kronvold@aol.com;(303) 961-2715;4103;2
P0165;Onofre Caro Guillen;bryam@icloud.com;(348) 497-4577;5911;3
P0166;Prudencio Río Rodríguez;shrapnull@optonline.net;(712) 904-7285;3841;1
P0167;Eva Renata Domínguez Gabaldón;enintend@att.net;(904) 718-6459;4413;3
P0168;Aitor Gallo Gaya;eabrown@mac.com;(462) 631-1572;7013;1
P0169;Samu Galvez Frutos;fudrucker@live.com;(235) 238-0872;2412;2
P0170;Modesta de Corominas;druschel@optonline.net;(449) 245-1828;2195;3
P0171;Eleuterio Torres;tattooman@icloud.com;(509) 214-3320;4807;1
P0172;Daniela Aragonés Aparicio;jfriedl@outlook.com;(778) 773-3924;6810;2
P0173;Inmaculada Céspedes;chrwin@yahoo.com;(358) 968-1125;832;2
P0174;Marcelino Núñez Tolosa;neuffer@optonline.net;(296) 349-7865;2955;1
P0175;Aarón Cesar Posada Pintor;gward@me.com;(815) 475-9038;873;2
P0176;Jordi Meléndez Camps;eabrown@comcast.net;(744) 716-3718;4950;2
P0177;Godofredo Piña-Nadal;forsberg@yahoo.ca;(301) 876-1529;4779;3
P0178;Heraclio Franco Vila;jorgb@aol.com;(752) 738-1233;8370;3
P0179;Macaria Vallejo Folch;carmena@hotmail.com;(217) 468-2259;661;1
P0180;Sabas Lerma Martín;codex@yahoo.ca;(244) 358-6594;1109;3
P0181;Chita Pazos Revilla;zeller@msn.com;(274) 873-8430;4125;3
P0182;Victor Puente;ilial@gmail.com;(530) 631-9558;3408;2
P0183;Domitila de Galvez;ccohen@yahoo.com;(456) 925-7058;5116;1
P0184;Esperanza Pareja Puente;grady@mac.com;(975) 608-7817;7117;2
P0185;Teresita Pol Escalona;mallanmba@me.com;(890) 815-5287;403;2
P0186;Ruth Cifuentes Sevilla;farber@comcast.net;(688) 516-3513;8172;1
P0187;Ámbar Sáenz Agustí;eidac@aol.com;(862) 530-2812;922;1
P0188;Rodrigo Lastra Arco;rasca@mac.com;(867) 940-3189;1661;1
P0189;Ainara Feijoo Monreal;overbom@icloud.com;(392) 474-1823;2756;2
P0190;Luís Bárcena Navas;ranasta@aol.com;(455) 994-7453;6214;2
P0191;Jimena Frías;pontipak@aol.com;(970) 781-3387;4845;1
P0192;Inocencio Bejarano Mármol;wmszeliga@mac.com;(388) 665-5159;3747;3
P0193;Miriam Pelayo Salazar;kosact@live.com;(547) 637-9235;657;3
P0194;Rodolfo Méndez Alonso;keijser@me.com;(842) 848-0436;7593;1
P0195;Celestino Vidal;rnewman@gmail.com;(586) 930-7723;5192;2
P0196;Jose Miguel Busquets Mate;jaesenj@yahoo.ca;(311) 520-9447;3423;2
P0197;Heliodoro Luís-Poza;sarahs@verizon.net;(341) 860-1976;665;1
P0198;Lorenza Badía Calvet;miltchev@live.com;(888) 368-8749;4531;2
P0199;Zaira Tamarit Atienza;kwilliams@gmail.com;(810) 288-4068;318;1
P0200;Salomé Sales-Torres;petersen@comcast.net;(736) 945-6678;7139;3
P0201;María José Jessica Bas Hernandez;morain@comcast.net;(301) 801-5871;4210;3
P0202;Viviana Constanza Morante Mateo;pizza@gmail.com;(414) 345-0815;1876;2
P0203;Cruz Barroso-Flor;bmorrow@icloud.com;(275) 422-3938;5388;2
P0204;Estefanía Ángel;thassine@icloud.com;(806) 217-3832;7924;2
P0205;Jose Antonio Frías-Campos;ahuillet@msn.com;(712) 928-3735;5436;2
P0206;Francisco Jose Carranza;mglee@gmail.com;(345) 760-4389;1803;2
P0207;Cayetano Palau Niño;lamky@optonline.net;(667) 459-1978;7318;2
P0208;Macaria Benito Armengol;ebassi@msn.com;(290) 976-0868;8380;1
P0209;Rosalva Tenorio Carmona;jeteve@outlook.com;(821) 978-0410;7332;3
P0210;Julián Méndez Barroso;scottzed@aol.com;(264) 298-6094;8113;1
P0211;Saturnina Ribas Jimenez;amcuri@yahoo.com;(806) 457-2901;3216;2
P0212;Jose Antonio Saturnino Castilla Castelló;ilyaz@verizon.net;(397) 262-0865;4089;1
P0213;Patricia Pinilla-Esparza;sfoskett@aol.com;(566) 798-8666;8420;3
P0214;Pánfilo Olmo-Segura;dsowsy@live.com;(810) 397-4766;5917;2
P0215;Hilda Mesa Maldonado;gknauss@icloud.com;(269) 777-2686;7883;1
P0216;Gerardo Pellicer Montserrat;pkplex@gmail.com;(743) 745-6963;925;3
P0217;León Cuadrado Perales;stomv@outlook.com;(250) 505-5438;2642;2
P0218;Julie Niño Pellicer;boftx@outlook.com;(260) 827-6778;8203;1
P0219;Lucila Viñas Delgado;gward@msn.com;(593) 401-8793;4899;3
P0220;Teófila Solé-Bosch;mbswan@msn.com;(529) 737-9350;5740;2
P0221;Benigno Montalbán-Mascaró;aprakash@outlook.com;(241) 628-3119;6196;2
P0222;Xiomara Cabrero Suárez;dkeeler@comcast.net;(281) 431-2732;6793;1
P0223;Evita Torrents Aparicio;dburrows@verizon.net;(647) 650-8903;784;1
P0224;Régulo Plaza Jerez;salesgeek@mac.com;(876) 215-3650;8023;2
P0225;Laura Jaén Álvarez;jgmyers@yahoo.com;(991) 989-8445;8167;3
P0226;Agapito Figueroa-Pavón;temmink@att.net;(204) 375-4432;1242;3
P0227;Nilda Ana Bejarano Bernad;philb@mac.com;(673) 330-7138;1029;1
P0228;Onofre Calvo-Pascual;policies@yahoo.com;(312) 546-7032;913;3
P0229;Eric de Briones;timlinux@icloud.com;(697) 809-9730;2386;3
P0230;Morena Gordillo-Franco;moinefou@yahoo.ca;(257) 951-4617;7056;1
P0231;Ramona Riquelme Cuenca;offthelip@outlook.com;(461) 514-9369;5074;2
P0232;Jose Manuel Hernandez Huerta;weidai@icloud.com;(815) 800-1748;7070;3
P0233;Felipa Abril Vargas;kramulous@optonline.net;(389) 598-6020;7372;3
P0234;Macarena Eufemia Llanos Herrera;tezbo@aol.com;(274) 237-7556;5800;3
P0235;Porfirio Peinado García;jmmuller@gmail.com;(308) 689-1510;1184;2
P0236;Andrés del Olivera;jrkorson@comcast.net;(283) 383-6823;359;3
P0237;Marisela Girón Exposito;greear@att.net;(426) 843-1426;3003;3
P0238;Ruy Íñigo Olmedo Domínguez;bjornk@hotmail.com;(543) 397-7882;7796;2
P0239;Ibán Barceló Álamo;sekiya@yahoo.com;(486) 472-8855;6076;2
P0240;Samanta Olmedo Bayón;flavell@sbcglobal.net;(704) 377-8172;420;1
P0241;Ulises Valero Clemente;eabrown@sbcglobal.net;(238) 272-8069;6778;3
P0242;Tiburcio Ovidio Jover Castelló;mugwump@outlook.com;(729) 742-2034;5947;3
P0243;Isa Moll Prats;mugwump@aol.com;(905) 903-7118;403;3
P0244;Abilio Feliciano Carrillo Lerma;fglock@gmail.com;(645) 482-8037;472;3
P0245;Catalina Guerra Pavón;moinefou@gmail.com;(541) 938-1407;1363;3
P0246;Ruth Cano Casanova;scarolan@yahoo.ca;(690) 645-8157;7899;1
P0247;Anastasio Iglesias Flores;ijackson@comcast.net;(711) 541-2186;5955;3
P0248;Abilio Feliu Gelabert;tezbo@sbcglobal.net;(913) 738-6726;3565;2
P0249;Luis Cervantes-Pont;ebassi@yahoo.com;(449) 929-6055;6449;2
P0250;Teo Sastre Moya;xtang@sbcglobal.net;(466) 688-9765;5045;2
P0251;Virginia Puga Prado;noticias@hotmail.com;(608) 306-6897;6756;3
P0252;Inés Castrillo Merino;wonderkid@optonline.net;(462) 215-9471;7408;3
P0253;Amarilis Torrent Trillo;mhoffman@comcast.net;(600) 310-6478;7753;1
P0254;Marisa María Fernanda Téllez Barranco;frode@optonline.net;(842) 633-6426;326;2
P0255;Nayara Adoración Carnero Somoza;keutzer@sbcglobal.net;(641) 423-7450;3973;2
P0256;Gaspar Solano;lridener@me.com;(789) 940-7559;5200;1
P0257;Mauricio Cuervo Lluch;catalog@optonline.net;(757) 447-7689;8437;3
P0258;Juan Pablo Castro Rius;munge@outlook.com;(882) 327-7053;5080;3
P0259;Gustavo Oliva Tamarit;biglou@yahoo.com;(247) 355-4462;5387;3
P0260;Alex Mayol Aparicio;bulletin@mac.com;(319) 203-1876;2780;3
P0261;María Belén Arenas-Solís;rohitm@live.com;(647) 461-7519;4873;1
P0262;Toño Jenaro Sainz Martí;webinc@aol.com;(993) 340-7107;3735;2
P0263;Marc Canales Monreal;evans@yahoo.com;(682) 544-2871;3174;3
P0264;Amada Boada Linares;scottzed@hotmail.com;(946) 681-8464;3801;3
P0265;Piedad Quesada Mancebo;rmcfarla@att.net;(990) 927-0907;1254;1
P0266;Andrés Felipe Gárate Armas;dkeeler@yahoo.com;(525) 639-9955;680;2
P0267;Reyes Andrés Perales;greear@me.com;(269) 953-9661;5804;3
P0268;Tito del Arrieta;jrkorson@hotmail.com;(226) 441-2336;5272;2
P0269;Che del Yáñez;druschel@live.com;(327) 689-3717;2034;2
P0270;Anunciación Adán Arroyo;martink@sbcglobal.net;(717) 551-7169;7103;3
P0271;Feliciano del Huguet;hstiles@optonline.net;(673) 541-2550;2541;2
P0272;Soledad Ros Agustín;seanq@hotmail.com;(492) 282-0730;5138;2
P0273;Octavia Arnau Rosales;bmorrow@hotmail.com;(345) 245-7163;4923;3
P0274;Pedro Torrijos;rande@live.com;(855) 355-3174;6504;1
P0275;Eloísa Baró;dwendlan@sbcglobal.net;(406) 573-4342;4839;2
P0276;Francisca de Solano;lstaf@comcast.net;(782) 724-8017;2409;2
P0277;Almudena Barragán Valentín;josephw@mac.com;(931) 406-9063;1669;2
P0278;Gilberto Arenas Zapata;druschel@comcast.net;(308) 327-2200;3592;3
P0279;Alonso Martí;gward@icloud.com;(409) 652-4229;3226;2
P0280;Godofredo Marti Bermudez;kronvold@aol.com;(783) 770-4043;3964;2
P0281;Elba Taboada Polo;syrinx@icloud.com;(539) 630-3518;1084;3
P0282;Carmela de Pulido;mddallara@optonline.net;(294) 658-2744;5175;1
P0283;Balduino Elorza Morera;presoff@mac.com;(851) 622-3038;4593;2
P0284;Humberto de Escrivá;hampton@yahoo.ca;(298) 751-6838;6753;3
P0285;Merche Arenas-Pareja;ntegrity@gmail.com;(522) 844-6774;1788;1
P0286;Wilfredo Jacinto Ballester Feijoo;rohitm@gmail.com;(249) 751-4442;2779;1
P0287;Gisela Berta Benítez Ballesteros;wildfire@msn.com;(870) 412-0760;8146;1
P0288;Sonia Prudencia Sola Cuadrado;kingma@hotmail.com;(611) 908-6776;1413;1
P0289;Esmeralda Company;smcnabb@live.com;(796) 644-1329;1003;2
P0290;Perlita de Moraleda;brickbat@live.com;(757) 945-3590;1951;3
P0291;Benita Elorza-Leal;clkao@aol.com;(357) 693-7492;5251;3
P0292;Tiburcio Sebastian Vigil Poza;wsnyder@yahoo.ca;(421) 297-7603;6617;2
P0293;Tadeo Tomas Aller;bader@me.com;(486) 370-8803;3761;1
P0294;Agustín Moliner Fernandez;eidac@mac.com;(411) 346-9952;611;1
P0295;Ezequiel Bayón-Berrocal;gator@yahoo.ca;(973) 201-0917;5603;2
P0296;Martirio Lourdes Vaquero Piña;zavadsky@gmail.com;(860) 386-4483;7088;1
P0297;Herminia Lastra Galiano;dialworld@mac.com;(973) 343-9990;7229;1
P0298;Xiomara Fuente Vergara;hllam@aol.com;(858) 700-8069;2162;3
P0299;Fabián Perea Gelabert;johnh@msn.com;(997) 460-8399;3818;2
P0300;Adán Vilanova;rfisher@outlook.com;(360) 394-5097;2209;3
P0301;Beatriz Acosta Chico;aegreene@yahoo.com;(438) 538-0767;5272;1
P0302;Calixto Borrego;tsuruta@optonline.net;(889) 796-0357;8217;3
P0303;Cirino Cueto-Burgos;wetter@verizon.net;(366) 633-7684;4978;1
P0304;Calixta Mena Matas;pspoole@yahoo.ca;(582) 235-8233;7359;2
P0305;Jesusa de Cabrero;godeke@aol.com;(779) 385-2301;4124;1
P0306;Gonzalo Villar Pujol;grady@optonline.net;(435) 482-8834;1200;1
P0307;Inocencio Ovidio Galiano Moll;cgarcia@gmail.com;(468) 951-9364;2208;3
P0308;Nayara Leal;jyoliver@me.com;(276) 811-3773;2348;1
P0309;Tiburcio Ramón Salom;hampton@att.net;(631) 464-9774;7354;1
P0310;Griselda Toledo-Sala;satishr@sbcglobal.net;(877) 772-0326;2190;2
P0311;Elba Candela Galindo Solís;frikazoyd@aol.com;(666) 301-0269;680;2
P0312;Amor Escolano Gargallo;geeber@aol.com;(796) 447-4861;3357;1
P0313;Nacho Cerdán-Vilalta;subir@aol.com;(665) 718-2042;6733;3
P0314;Rufino Adrián Reina Gordillo;andersbr@yahoo.com;(296) 740-8874;3134;1
P0315;Anselma Orozco-Pujadas;dvdotnet@comcast.net;(518) 408-1514;2588;2
P0316;Ciro Valera Ródenas;rkobes@gmail.com;(497) 838-1157;7894;2
P0317;Consuela Bas Solera;guialbu@att.net;(318) 269-2381;6319;2
P0318;Oriana Revilla Perez;shazow@mac.com;(713) 647-1170;526;1
P0319;Candelas Ríos;dhwon@outlook.com;(933) 597-1256;4036;3
P0320;Leandra Olivia Leal Maza;lcheng@att.net;(700) 450-5572;3951;3
P0321;Pastora Arce Coloma;tsuruta@yahoo.com;(350) 625-5420;4970;1
P0322;Damián Palomares Lledó;mfburgo@hotmail.com;(408) 227-4835;4250;3
P0323;Maristela Ponce;zyghom@aol.com;(294) 591-8743;7513;2
P0324;Melania Chaves Corbacho;ullman@me.com;(855) 736-4308;6191;2
P0325;Edelmira Robledo-Urrutia;vertigo@icloud.com;(763) 793-7870;6749;3
P0326;Clímaco Teobaldo Fuente Cobos;jelmer@me.com;(499) 275-6735;1334;3
P0327;Noa de Córdoba;sinkou@optonline.net;(476) 398-7010;2867;3
P0328;Leonel Jara Torrijos;tjensen@hotmail.com;(632) 843-4688;2333;3
P0329;Estrella Badía-Amo;grdschl@sbcglobal.net;(686) 935-7569;7831;3
P0330;Mayte Bou Cabezas;duncand@optonline.net;(908) 507-7774;8110;1
P0331;Ainoa Haro;dprice@verizon.net;(236) 228-8236;286;1
P0332;Julián del Guitart;drhyde@live.com;(670) 435-1970;5554;2
P0333;Ricarda de Mayoral;atmarks@verizon.net;(251) 837-9664;3519;1
P0334;Salud Llorens-Carro;mthurn@comcast.net;(357) 359-7575;3474;3
P0335;Jacobo Gomez Hernández;bmidd@sbcglobal.net;(313) 267-1606;2612;1
P0336;Aurelia Lozano;seasweb@icloud.com;(250) 609-3136;1615;3
P0337;Angélica Purificación Vallejo Huerta;jguyer@hotmail.com;(738) 251-8951;5769;2
P0338;Zoraida Cuesta Peiró;jgoerzen@me.com;(349) 340-5368;2008;2
P0339;Gabino Iglesias Mínguez;delpino@hotmail.com;(552) 241-4591;3171;1
P0340;Leocadia Galiano Barroso;pjacklam@verizon.net;(603) 693-5115;2011;2
P0341;Felix Sola;raides@outlook.com;(596) 738-5897;581;2
P0342;Ramón Tomé Pont;jgmyers@verizon.net;(246) 447-6483;6478;3
P0343;Gil Martin;eminence@sbcglobal.net;(478) 915-6300;269;2
P0344;Lucas Sáenz Uriarte;ajlitt@outlook.com;(997) 438-1883;6023;3
P0345;Sancho Llabrés Gallo;ribet@icloud.com;(268) 963-1280;8114;1
P0346;Jose Manuel Juárez Moreno;cumarana@yahoo.com;(217) 485-6799;277;1
P0347;Micaela de Fuentes;flakeg@gmail.com;(931) 717-4342;4916;2
P0348;Aurelio León Campoy;eimear@me.com;(927) 495-3991;1737;2
P0349;Noé de Borrego;cderoove@comcast.net;(570) 922-5871;1956;1
P0350;Gastón Méndez;eegsa@optonline.net;(732) 289-7179;6806;3
P0351;Sara del Lastra;matty@aol.com;(488) 631-5624;634;2
P0352;Amarilis Acedo Rosales;hikoza@gmail.com;(904) 451-1938;5250;1
P0353;Ale Cerezo;tangsh@live.com;(806) 989-4481;3711;2
P0354;Ruy del Seguí;wikinerd@msn.com;(681) 893-1883;3090;3
P0355;Olalla Avilés Nieto;ismail@gmail.com;(906) 321-3564;3333;1
P0356;Juanita del Falcón;nicktrig@verizon.net;(541) 415-2083;6432;3
P0357;Antonio Herberto Carrera Zapata;brickbat@optonline.net;(239) 524-9171;6836;3
P0358;Pedro Armengol Múgica;floxy@verizon.net;(266) 724-3616;7662;3
P0359;Eulalia Águila;aracne@hotmail.com;(550) 523-9164;7904;1
P0360;Pepita Vendrell Rosado;bester@live.com;(259) 824-1957;8056;1
P0361;Lorenza Jódar Gascón;boser@yahoo.ca;(813) 519-5909;2044;1
P0362;Juana Mínguez-Bertrán;harpes@mac.com;(481) 929-3366;1753;2
P0363;Reina Emiliana Acero Arellano;hellfire@verizon.net;(817) 490-1344;7755;1
P0364;Natalio de Aroca;ubergeeb@att.net;(877) 906-2373;5029;3
P0365;Magdalena del Peñas;mrobshaw@mac.com;(546) 431-7260;3452;3
P0366;Débora Arroyo Pastor;barnett@comcast.net;(248) 338-4237;8017;2
P0367;José Mari Esteban Torres;feamster@yahoo.com;(607) 539-3060;3404;2
P0368;Roberta Nicolás;danzigism@mac.com;(850) 611-3354;3513;1
P0369;Amada Conde Rosselló;wojciech@hotmail.com;(983) 225-5505;725;1
P0370;Celso de Somoza;wildfire@msn.com;(694) 585-1115;2765;2
P0371;Virgilio Rios Moreno;cmdrgravy@comcast.net;(884) 717-7192;4284;3
P0372;Cruz Donoso Román;zavadsky@msn.com;(781) 649-8364;6632;1
P0373;Édgar Bautista Hervia;isotopian@yahoo.ca;(480) 956-2597;8066;1
P0374;Natividad Aguirre Gual;ardagna@sbcglobal.net;(633) 836-6616;5806;2
P0375;Maximino Isern Alonso;parrt@gmail.com;(352) 803-0170;7202;3
P0376;Carina Pacheco Roma;forsberg@yahoo.com;(803) 722-3445;6585;2
P0377;Ovidio de Cabanillas;stakasa@optonline.net;(693) 848-8607;2028;2
P0378;Santos Alemán Garmendia;oneiros@me.com;(854) 379-2781;1091;1
P0379;Victor Manuel Anguita Cabrero;benits@gmail.com;(903) 949-4059;1180;1
P0380;Gerónimo Escrivá Riba;kramulous@live.com;(235) 321-4806;1485;3
P0381;Calisto Enríquez Galván;monkeydo@comcast.net;(532) 611-4998;759;1
P0382;Gracia de Sarabia;makarow@yahoo.com;(424) 871-1009;7842;2
P0383;Hernán Duque;munge@mac.com;(477) 246-0094;8155;2
P0384;Marina Iniesta Franch;jimmichie@aol.com;(612) 989-2040;4584;2
P0385;Isidro Múgica Marquez;raides@att.net;(969) 222-7509;1373;3
P0386;Ricarda Aparicio Prieto;rgarton@comcast.net;(297) 787-6009;2345;2
P0387;Lope Casanova Aragonés;kildjean@live.com;(714) 696-7638;3956;3
P0388;Bartolomé Dan Lago Corbacho;parrt@msn.com;(809) 930-2751;4006;3
P0389;Socorro Cordero Salas;kmiller@icloud.com;(706) 512-3468;2249;1
P0390;Dionisia Peinado;graham@att.net;(917) 389-5749;8119;1
P0391;Íngrid Garmendia-Niño;jorgb@hotmail.com;(462) 780-6564;514;1
P0392;Celso Carranza Lillo;yfreund@me.com;(622) 728-2813;5997;1
P0393;Jose Manuel Parra Vara;martink@outlook.com;(686) 761-0539;396;2
P0394;Noemí Nogués Carrillo;quantaman@icloud.com;(971) 384-8678;7539;3
P0395;Lupe Guerra-Huguet;thomasj@att.net;(741) 322-3722;8465;1
P0396;Julián Llorente Sainz;mahbub@yahoo.ca;(801) 886-2778;4419;2
P0397;Dionisia de Amaya;wainwrig@yahoo.com;(652) 909-5556;8227;2
P0398;Lalo Bolaños Rios;uncle@comcast.net;(506) 395-8350;6993;3
P0399;Otilia Manso;budinger@att.net;(832) 620-9943;2913;1
P0400;Genoveva Tello;improv@msn.com;(423) 997-8014;3567;2
P0401;Augusto Toro Santamaria;notaprguy@comcast.net;(514) 789-8027;1232;2
P0402;Chuy José María Rosales Márquez;martyloo@aol.com;(355) 486-5483;3222;1
P0403;Hermenegildo Barranco Iriarte;eminence@msn.com;(803) 760-5690;1215;1
P0404;Lucila Losada;smpeters@icloud.com;(776) 768-7137;8495;2
P0405;Galo Alonso Bermejo;johnh@verizon.net;(809) 599-3994;2480;2
P0406;Leticia del Toro;arandal@icloud.com;(493) 756-2630;1609;1
P0407;Fernando Alemán-Alcalá;sbmrjbr@live.com;(376) 459-8149;5269;3
P0408;Adriana Llanos Posada;kjetilk@me.com;(687) 599-9064;6116;2
P0409;Chita Valentina Lopez Ibáñez;gfxguy@hotmail.com;(200) 606-4317;3579;1
P0410;Nicolás Roldán Higueras;yamla@optonline.net;(248) 491-2849;4541;1
P0411;Iris Quevedo Piquer;chunzi@optonline.net;(340) 399-7481;770;3
P0412;Lino Clavero Diez;duchamp@icloud.com;(697) 227-2914;2701;2
P0413;Nicanor Pla Mora;kildjean@hotmail.com;(220) 968-0001;2683;3
P0414;Celestino Adadia Serna;cantu@comcast.net;(842) 658-5551;6902;2
P0415;Ascensión Borrego Perea;wenzlaff@comcast.net;(313) 285-5103;3962;1
P0416;Sonia Macias Palomares;nogin@live.com;(715) 670-1931;5208;3
P0417;Gil Durán Álvarez;pkplex@yahoo.ca;(404) 406-7492;3761;1
P0418;Marisol Cuesta Aguilar;dobey@live.com;(662) 735-2843;2021;3
P0419;Tamara Echeverría Castelló;klaudon@yahoo.com;(267) 461-1712;6707;1
P0420;Cándida del Suárez;scarolan@yahoo.ca;(565) 778-0353;5155;2
P0421;Arcelia de Palacio;thowell@aol.com;(839) 252-5184;2234;1
P0422;Paola del Jaume;william@mac.com;(248) 727-2575;735;3
P0423;Maricruz Barceló Rebollo;wonderkid@icloud.com;(897) 743-4622;4498;2
P0424;Reyes Zabaleta Haro;maikelnai@outlook.com;(763) 740-8377;2577;1
P0425;Leopoldo Mateu-Villalba;hikoza@yahoo.com;(278) 349-0760;5391;3
P0426;Ildefonso Sola Jordán;mcnihil@live.com;(795) 219-2886;5385;1
P0427;Esteban Galan Buendía;ninenine@live.com;(541) 250-9163;995;2
P0428;Rosaura Conesa Pons;pavel@sbcglobal.net;(904) 603-5289;6823;3
P0429;Paca Sanmartín-Baños;denism@icloud.com;(687) 501-6870;1119;1
P0430;Aroa Cazorla-Villar;eurohack@live.com;(315) 329-6251;7684;3
P0431;Maxi Morán Sureda;skippy@optonline.net;(697) 572-9694;7925;2
P0432;Horacio del Duran;trygstad@comcast.net;(849) 694-8893;4593;2
P0433;Renata Nicolau Peñas;fmerges@msn.com;(338) 634-0393;2404;2
P0434;Rodolfo Hervia Tolosa;koudas@att.net;(360) 305-6858;5018;3
P0435;Jesusa Coll Prats;szymansk@icloud.com;(500) 465-0884;5800;3
P0436;Ignacia Osuna Bárcena;gknauss@comcast.net;(318) 941-5448;5099;3
P0437;Custodio Gargallo-Ramis;rfisher@me.com;(589) 271-7321;2437;2
P0438;José Mari Planas-Ávila;smartfart@optonline.net;(806) 306-8032;7882;1
P0439;Francisco Jose Mendez;iapetus@verizon.net;(912) 945-2030;5209;2
P0440;Francisco Aznar Becerra;fairbank@hotmail.com;(658) 999-0758;3585;1
P0441;Nydia Ríos-Huguet;wainwrig@aol.com;(473) 452-1046;6310;1
P0442;Benito Garcés Landa;smcnabb@aol.com;(715) 608-6247;2956;3
P0443;Osvaldo Andrade Cantón;chrisk@msn.com;(207) 678-6905;4691;3
P0444;Anselmo de Casares;lydia@outlook.com;(354) 492-1823;4897;1
P0445;María José Madrid Campillo;tezbo@me.com;(360) 698-7565;6327;1
P0446;Clímaco Águila Sosa;ducasse@verizon.net;(483) 950-4745;5470;2
P0447;Elías Pujol Otero;dkeeler@icloud.com;(225) 277-4513;6631;2
P0448;Olegario del Mateos;ghaviv@mac.com;(634) 474-8166;5275;1
P0449;Trinidad Aramburu;psichel@comcast.net;(715) 989-3722;2456;3
P0450;Luisa Arellano-Gutiérrez;miyop@verizon.net;(879) 913-3528;4387;3
P0451;Palmira Gallego Rodríguez;zyghom@comcast.net;(262) 426-5759;1463;1
P0452;Ciriaco Cristóbal Mayol Quintero;oster@hotmail.com;(639) 520-9390;340;3
P0453;Anselmo Ballesteros Rovira;philb@optonline.net;(833) 667-2656;6872;1
P0454;Tatiana del Aguado;kannan@yahoo.com;(582) 579-9727;7688;1
P0455;Abilio Botella-Sierra;iamcal@gmail.com;(629) 547-3694;2814;3
P0456;Eulalia Salomé Baena Uribe;crimsane@att.net;(527) 682-3383;4042;3
P0457;Adelina Calzada Gárate;kenja@aol.com;(339) 237-9697;990;2
P0458;Corona Palacio Valle;msherr@verizon.net;(669) 763-7966;3062;2
P0459;Ismael Peiró-Gámez;sarahs@mac.com;(413) 869-0477;2345;2
P0460;Elvira Godoy Santana;gbacon@gmail.com;(301) 865-0583;1739;1
P0461;Alfredo Piñeiro Malo;dpitts@live.com;(522) 620-0968;7462;2
P0462;Juan Bautista Ros Quesada;eidac@live.com;(331) 697-6934;1526;3
P0463;Román del Anglada;agolomsh@verizon.net;(221) 530-9960;4802;3
P0464;Pascuala Coronado;camenisch@hotmail.com;(666) 703-9333;523;2
P0465;Leire Paniagua Acevedo;vlefevre@outlook.com;(569) 677-9695;7540;2
P0466;Sofía Jiménez Soriano;wbarker@hotmail.com;(666) 682-8228;3144;1
P0467;Hector Izaguirre Donoso;mugwump@att.net;(828) 999-4752;1665;1
P0468;Rocío Salgado Palomo;crowl@mac.com;(702) 203-1440;829;3
P0469;Lucho Reguera Heredia;moxfulder@me.com;(905) 288-7767;5290;2
P0470;Viviana Bello Alberdi;ribet@hotmail.com;(763) 488-0516;4209;2
P0471;Esmeralda Simó;sisyphus@aol.com;(780) 794-6628;1372;3
P0472;Alexandra del Nieto;corrada@gmail.com;(951) 730-8709;1660;2
P0473;Francisca María Rosado Serna;jadavis@aol.com;(366) 439-6689;3211;2
P0474;Artemio Martinez-Baeza;aaribaud@mac.com;(600) 908-8973;4697;1
P0475;Vicenta Grau Naranjo;teverett@me.com;(738) 913-5563;6552;3
P0476;Cintia Corbacho Luz;rwelty@att.net;(605) 922-9912;2857;2
P0477;José Manuel Plaza Izaguirre;richard@me.com;(751) 831-5419;4160;3
P0478;Augusto del Corominas;makarow@hotmail.com;(856) 224-1191;3304;3
P0479;Néstor Milla;caidaperl@yahoo.com;(630) 967-6558;1738;1
P0480;Guadalupe de Peralta;meinkej@gmail.com;(693) 592-1495;6229;2
P0481;Abraham Espejo;bdthomas@mac.com;(894) 346-5708;638;3
P0482;Nidia Mate Benito;kludge@mac.com;(654) 477-2550;587;3
P0483;Reyes Córdoba Folch;rafasgj@verizon.net;(563) 743-3428;6565;1
P0484;Abraham Torrijos Seco;grdschl@gmail.com;(657) 677-7992;1132;1
P0485;Sabina Baró Ariza;marin@icloud.com;(948) 209-0838;2248;2
P0486;Amado Sarmiento Diez;oracle@msn.com;(219) 204-8527;2583;2
P0487;Jose Ramón Juan Antonio Macias Pinedo;damian@mac.com;(334) 518-1921;1624;2
P0488;Lupe Mas-Cárdenas;josem@hotmail.com;(685) 564-8676;1474;3
P0489;Darío Costa Esteban;jkegl@aol.com;(789) 855-5353;7376;3
P0490;Elisabet Díaz Macías;parsimony@live.com;(597) 557-7524;4824;1
P0491;Xiomara Jove Tolosa;gamma@aol.com;(378) 349-5882;4098;3
P0492;Pascual del Escudero;fairbank@gmail.com;(286) 942-3369;6751;2
P0493;Vasco Grau Acevedo;danneng@gmail.com;(234) 322-8981;4603;1
P0494;Cristian Verdugo Carro;ubergeeb@sbcglobal.net;(873) 517-5066;3937;3
P0495;Emilio Zamorano Arce;amcuri@msn.com;(961) 315-8718;5086;1
P0496;Lucho Ramón Romeu Sabater;skythe@comcast.net;(376) 731-9316;3464;3
P0497;Ambrosio Gabriel Aranda Solís;sekiya@outlook.com;(805) 743-3760;6459;2
P0498;Nilda Amaya Guitart;salesgeek@sbcglobal.net;(338) 395-3610;4477;3
P0499;Clemente Barberá-Cuesta;mddallara@sbcglobal.net;(303) 304-1194;6455;2
P0500;Chuy Gutiérrez Batlle;raides@outlook.com;(917) 626-7056;1738;1
P0501;Martirio Manso-Guzman;satch@sbcglobal.net;(590) 697-5599;6073;1
P0502;Moisés Segarra;grothoff@me.com;(618) 366-6085;6635;3
P0503;Lucas Lara-Losa;msherr@yahoo.com;(245) 937-0041;1124;3
P0504;Amanda Ferrándiz Viana;carreras@icloud.com;(701) 532-7597;3541;2
P0505;Tito Doménech;danneng@aol.com;(503) 697-2032;6855;1
P0506;Sebastian de Camps;matty@yahoo.ca;(632) 222-8510;3580;1
P0507;Encarnita Gilabert Nebot;chinthaka@comcast.net;(873) 402-5342;3571;2
P0508;Javiera del Aparicio;noticias@me.com;(723) 568-3057;778;1
P0509;Plácido Camino Calvet;bjoern@att.net;(584) 739-9716;5835;1
P0510;Beatriz Ruperta Borrás Julián;seano@optonline.net;(663) 805-7134;1652;2
P0511;Chucho Ortega Varela;crobles@yahoo.ca;(833) 885-2275;6963;3
P0512;Purificación del Gual;zavadsky@me.com;(890) 386-3309;7511;1
P0513;Dionisio Guerrero Castro;tmaek@yahoo.com;(484) 727-8983;1520;3
P0514;Francisca Solsona Olmedo;marin@aol.com;(740) 555-9439;4226;1
P0515;Odalis Santamaria-Cueto;scato@icloud.com;(818) 532-0790;1308;3
P0516;Leopoldo del Mulet;carcus@yahoo.ca;(515) 266-5141;1681;3
P0517;Ema Requena Villalonga;druschel@outlook.com;(330) 579-6730;2294;2
P0518;Teodosio Benet Samper;gamma@live.com;(288) 803-5207;6338;3
P0519;Gabriel Oliver Peñalver;bdbrown@me.com;(547) 618-4527;7928;2
P0520;Felicia Sonia Sotelo Sánchez;notaprguy@comcast.net;(868) 530-3322;328;2
P0521;Pedro Juan Antonio Arrieta Fábregas;kramulous@yahoo.com;(775) 849-4539;6799;2
P0522;Paula Codina Mulet;harpes@verizon.net;(986) 793-4357;651;2
P0523;Eusebia Sola Ayala;mkearl@gmail.com;(463) 662-6107;8402;1
P0524;Aurelio Campillo Alberola;devphil@me.com;(908) 796-8762;6131;3
P0525;Margarita Rovira Gabaldón;bmidd@verizon.net;(280) 622-6363;960;2
P0526;Fidel Pascual Fernández;lridener@live.com;(267) 613-8613;5766;1
P0527;Coral Coca;crowemojo@me.com;(306) 859-1505;4914;1
P0528;Eustaquio Fabregat;aaribaud@optonline.net;(890) 434-6124;5928;3
P0529;Carina Conesa Romero;blixem@verizon.net;(770) 996-1885;7493;3
P0530;Bernardino Joaquín Aguirre Carmona;jbailie@msn.com;(534) 235-9071;1720;1
P0531;Leocadia Valencia-Portillo;emmanuel@yahoo.com;(996) 410-9159;6412;3
P0532;Adela Goñi Oliva;staffelb@sbcglobal.net;(957) 496-0852;3640;3
P0533;Tomás Rodriguez Rueda;flavell@outlook.com;(331) 278-5242;2912;1
P0534;Alfredo Bravo;oechslin@att.net;(238) 642-4801;5959;2
P0535;Odalys Serafina Conde Lladó;kewley@yahoo.com;(660) 965-6609;596;2
P0536;Salomé Bautista Sanabria;satch@verizon.net;(383) 492-8311;6740;3
P0537;Milagros Casas;bastian@att.net;(741) 803-0434;8452;1
P0538;Ramona Dora Marcos Maestre;retoh@me.com;(293) 469-1962;8016;3
P0539;José Leal Pera;andrewik@gmail.com;(290) 775-7285;6854;1
P0540;Belén Cañellas Batalla;fhirsch@hotmail.com;(829) 809-4718;5161;2
P0541;Armando Aller Infante;bonmots@verizon.net;(538) 922-3412;6413;1
P0542;Paco Cortés;marin@aol.com;(209) 732-7435;2446;3
P0543;Ángela Aramburu Palmer;kalpol@outlook.com;(496) 580-9503;648;2
P0544;Prudencia Pareja Requena;dawnsong@verizon.net;(308) 813-2736;3851;3
P0545;María Carmen Monreal Perez;stakasa@gmail.com;(592) 235-7911;5562;2
P0546;Ciro Sales-Lucas;onestab@att.net;(710) 759-3890;5372;1
P0547;Epifanio Ariza Barragán;jfmulder@verizon.net;(562) 317-5110;5557;2
P0548;Albert Revilla Lillo;codex@yahoo.com;(503) 492-1018;7258;3
P0549;Raúl Torralba Izquierdo;munjal@icloud.com;(593) 699-5294;6178;2
P0550;Jose Ignacio Vallés Salinas;jipsen@mac.com;(494) 338-7896;1124;2
P0551;Chuy Briones Martín;kjetilk@comcast.net;(351) 615-4357;8486;3
P0552;Griselda de Doménech;barnett@mac.com;(592) 649-2696;2915;1
P0553;Mamen Petrona Briones Llorens;marin@live.com;(536) 857-5249;7447;2
P0554;Manolo Giralt Vallés;wiseb@att.net;(207) 824-3846;2796;2
P0555;Marisela de Goicoechea;wagnerch@me.com;(340) 347-9850;6147;3
P0556;Jose Francisco Esteban Quevedo;miyop@verizon.net;(594) 944-2738;5627;3
P0557;Román del Lago;pjacklam@me.com;(489) 898-9164;4618;3
P0558;Macario Godoy Cañizares;fwiles@msn.com;(284) 312-4582;2423;1
P0559;Valero Rey;rcwil@optonline.net;(455) 474-0513;8224;3
P0560;Noa Álvaro Verdejo;lpalmer@mac.com;(273) 389-4804;3853;1
P0561;Fabricio Prieto;wojciech@outlook.com;(911) 828-5250;6713;2
P0562;Ale Gabaldón Estrada;khris@outlook.com;(779) 401-3606;3193;2
P0563;Hector del Fuentes;kronvold@gmail.com;(814) 773-0390;1855;3
P0564;Obdulia Beltrán Coca;noahb@verizon.net;(640) 303-2629;5010;1
P0565;Rufino Cazorla Ribes;inico@yahoo.ca;(468) 316-3431;7919;2
P0566;Heriberto Orozco Barba;amimojo@optonline.net;(394) 957-0805;5041;2
P0567;Asdrubal Esteban Ruano;wayward@verizon.net;(940) 452-5220;6857;3
P0568;Bienvenida Filomena Nuñez Bautista;jramio@comcast.net;(748) 375-3201;2050;2
P0569;Edmundo Andrés Reig;specprog@aol.com;(745) 203-6599;3388;2
P0570;Carmelita Peñas Mir;feamster@icloud.com;(912) 902-2405;1441;1
P0571;Ciro Chacón Leal;tromey@yahoo.ca;(511) 323-6772;5456;2
P0572;Jacinta Quesada Grande;gboss@gmail.com;(706) 219-9236;685;2
P0573;Édgar Campoy Rico;chrisj@mac.com;(670) 359-0211;5575;3
P0574;Ruy Priego Oller;keijser@yahoo.ca;(674) 515-5954;532;2
P0575;Encarnación Iniesta;uraeus@comcast.net;(553) 332-6141;1167;2
P0576;José Luis Blázquez Landa;kjetilk@aol.com;(941) 425-9891;7965;3
P0577;José Colom Redondo;zyghom@optonline.net;(227) 453-2492;7390;1
P0578;Mamen Eufemia Ortuño Marí;floxy@yahoo.com;(667) 540-4015;2096;1
P0579;Amílcar Valls Sancho;pontipak@icloud.com;(597) 641-1701;3769;2
P0580;Salud Larrea Álvaro;treit@optonline.net;(916) 472-9468;3635;1
P0581;Febe Cornejo Mascaró;bmidd@yahoo.ca;(370) 424-7914;5733;3
P0582;Azahar Amigó Mateos;rddesign@sbcglobal.net;(892) 440-9176;6028;1
P0583;Nadia Maite Roldán Sacristán;yfreund@aol.com;(842) 319-7045;267;2
P0584;Valentina Felisa Morillo Cañete;haddawy@att.net;(547) 992-0607;7096;1
P0585;Camilo Nicolás Canet Farré;wayward@sbcglobal.net;(905) 213-8868;2082;2
P0586;Jimena Llanos Hierro;multiplx@att.net;(403) 940-7594;4404;2
P0587;Saturnina Armengol Juárez;kmiller@outlook.com;(978) 818-9626;3355;3
P0588;Asunción Real Vilaplana;uraeus@hotmail.com;(371) 738-9753;7373;1
P0589;Toribio Maestre Cueto;mbrown@sbcglobal.net;(366) 561-0018;6916;1
P0590;Nicolás Olegario Carpio Cordero;microfab@comcast.net;(436) 202-2284;636;3
P0591;Ezequiel Zamora Alegre;tellis@gmail.com;(308) 898-6409;6435;1
P0592;Ovidio Piña Gomez;facet@hotmail.com;(245) 477-6795;3897;1
P0593;Toño Acevedo Robles;danny@outlook.com;(405) 569-8173;201;1
P0594;Natalia Sola Solano;raides@verizon.net;(803) 546-7674;5728;3
P0595;Heliodoro Roura Ángel;richard@sbcglobal.net;(699) 716-9878;2102;1
P0596;Jenny Valderrama Abril;goldberg@yahoo.com;(604) 700-8007;7454;1
P0597;Adriana Guerrero Gordillo;kwilliams@yahoo.com;(235) 878-0052;5648;1
P0598;Leopoldo Acero;yfreund@msn.com;(918) 832-8086;7104;3
P0599;Eva María Garmendia Lloret;stevelim@sbcglobal.net;(381) 488-1289;6347;3
P0600;Zacarías Aragón;lahvak@live.com;(214) 474-1695;375;1
P0601;Isabela Noguera;mavilar@mac.com;(804) 936-6456;4997;1
P0602;Calixto Losada Gelabert;budinger@att.net;(579) 461-0597;5440;2
P0603;Anunciación Peñas;earmstro@att.net;(768) 861-6777;7245;2
P0604;Fabiola Carpio-Pagès;nachbaur@verizon.net;(830) 731-7426;733;2
P0605;Teo Quero Beltrán;webinc@outlook.com;(470) 328-5568;727;3
P0606;Obdulia Ainara Pinedo Bravo;killmenow@yahoo.ca;(473) 245-4520;3370;1
P0607;Reyna Villalobos Oller;jguyer@live.com;(940) 754-1784;3954;3
P0608;Milagros Gallart Conesa;druschel@yahoo.com;(280) 807-7001;6095;1
P0609;Adelia Alcaraz Soria;joglo@me.com;(514) 505-4450;3864;1
P0610;Maura de Alba;jwarren@hotmail.com;(860) 664-7885;3531;1
P0611;Etelvina del Márquez;hling@yahoo.com;(411) 331-6830;3072;3
P0612;Cornelio Bauzà Alberola;dunstan@att.net;(548) 526-5186;4961;1
P0613;Heliodoro Aguiló Pardo;jgoerzen@gmail.com;(727) 702-1618;4867;2
P0614;Nilda Amat Juliá;munge@msn.com;(871) 370-2133;2017;1
P0615;Américo Gilberto Soria Morcillo;mhoffman@comcast.net;(836) 215-3509;1018;3
P0616;Catalina Vazquez Vergara;phish@me.com;(840) 962-1870;4542;2
P0617;Angelino Pozuelo Diéguez;tromey@optonline.net;(383) 291-5866;1780;3
P0618;Salomé Mateo Huguet;enintend@att.net;(648) 913-4187;2558;1
P0619;Paloma Alberto Morell;mlewan@outlook.com;(375) 244-3899;7726;1
P0620;Rufina Tomé Salmerón;mailarc@yahoo.ca;(985) 481-7877;1074;3
P0621;Natalia Baró Cañete;tedrlord@live.com;(980) 463-2254;4383;3
P0622;Lorena Robledo;tbmaddux@sbcglobal.net;(760) 644-7997;1581;1
P0623;Azucena Arnaiz Beltran;avalon@outlook.com;(531) 815-1151;7933;1
P0624;Clara Sanjuan Guerrero;pappp@live.com;(914) 720-0136;6433;1
P0625;Aránzazu Morillo Berenguer;starstuff@aol.com;(864) 913-4164;1703;2
P0626;Rosalinda Palmer Palau;fmtbebuck@outlook.com;(984) 626-1861;1314;1
P0627;Valeria Caballero Mur;rattenbt@att.net;(233) 441-6017;2036;3
P0628;Xiomara Serna;stewwy@mac.com;(393) 668-4150;6618;1
P0629;Melchor Barberá Rey;gemmell@msn.com;(679) 282-7817;2165;1
P0630;Mariana Alvarez-Roca;rcwil@sbcglobal.net;(943) 737-3322;4325;2
P0631;Candela de Álvarez;noahb@icloud.com;(340) 833-4316;3159;3
P0632;Goyo Gomez Garmendia;mleary@sbcglobal.net;(754) 917-2841;5131;1
P0633;Jesusa Molins;odlyzko@gmail.com;(871) 634-5979;7168;2
P0634;Sosimo Téllez;caidaperl@verizon.net;(255) 735-0363;4685;2
P0635;Claudia Amaya Medina;adillon@gmail.com;(743) 547-1331;4648;2
P0636;Elba Ferrera Colomer;evilopie@gmail.com;(624) 874-7647;3770;3
P0637;Agustina de Infante;odlyzko@live.com;(534) 558-4441;6278;1
P0638;Julián Ruiz-Badía;jfinke@verizon.net;(913) 528-2635;8243;2
P0639;Maxi Celia Salazar Iniesta;scato@comcast.net;(670) 433-7505;6189;2
P0640;Kike Camino Armengol;rkobes@me.com;(405) 270-3777;1105;2
P0641;Coral Tudela;makarow@verizon.net;(204) 571-0033;1282;2
P0642;Rosalía Rubio Donaire;dhwon@icloud.com;(432) 713-0707;649;1
P0643;Martina Salamanca Arce;tfinniga@me.com;(514) 599-9281;2454;2
P0644;Juan Francisco de Morante;intlprog@yahoo.com;(986) 394-6481;336;2
P0645;Tristán Zamorano Alegria;rnelson@live.com;(386) 612-2027;2387;3
P0646;Aurora Sola Pavón;danneng@yahoo.ca;(835) 678-6977;5824;3
P0647;Jesús Gomis Nevado;stefano@sbcglobal.net;(292) 292-4616;2307;1
P0648;Adalberto Ortiz Meléndez;fukuchi@yahoo.com;(775) 733-8457;8472;1
P0649;Leocadio Pagès Mendizábal;konst@yahoo.com;(372) 347-8353;4633;3
P0650;Luisina Higueras-Clavero;jshirley@verizon.net;(615) 778-2959;7766;2
P0651;Victoriano Fabra-Viñas;nanop@hotmail.com;(416) 245-3179;5011;3
P0652;Saturnina Parejo Portillo;raides@me.com;(739) 948-0623;4816;2
P0653;Nayara Gonzalo Manzanares;jtorkbob@optonline.net;(414) 340-8023;6503;2
P0654;Norberto del Peña;skoch@verizon.net;(791) 355-4360;2196;1
P0655;Pablo Rojas;skaufman@optonline.net;(714) 385-9998;5993;3
P0656;Calixta Pallarès;jamuir@hotmail.com;(990) 448-2648;8365;2
P0657;Trinidad Valencia Pablo;ramollin@msn.com;(970) 709-5227;4944;3
P0658;Cleto Gargallo Rodrigo;mirod@att.net;(350) 767-0078;2241;2
P0659;Edelmiro Alcolea Castells;catalog@hotmail.com;(570) 624-3623;5623;3
P0660;Adoración de Carmona;geekgrl@hotmail.com;(785) 593-7104;1345;1
P0661;Amor Espinosa Rivas;kingjoshi@verizon.net;(701) 725-6313;4154;2
P0662;Vilma de Cabeza;yfreund@sbcglobal.net;(386) 336-0579;7600;1
P0663;Florina Arrieta Infante;jfreedma@comcast.net;(866) 748-0444;2476;1
P0664;María Amaro Moreno Reyes;leocharre@mac.com;(544) 213-4553;1801;2
P0665;María Manuela Sola Jover;agolomsh@live.com;(956) 587-5283;1951;2
P0666;Regina Rosa Macías;formis@live.com;(476) 955-4567;6545;1
P0667;Maximino Figueras;ntegrity@hotmail.com;(620) 774-4600;4393;1
P0668;Jose Carlos del Serrano;bbirth@verizon.net;(526) 671-7655;235;1
P0669;Atilio Sala Echevarría;rsteiner@outlook.com;(203) 926-5564;8219;2
P0670;Ciro Andres-Bravo;bebing@yahoo.ca;(771) 764-7112;1011;2
P0671;Heraclio Viana Porcel;onestab@msn.com;(366) 582-6034;2535;3
P0672;Anacleto Collado Figueroa;eimear@msn.com;(314) 749-4774;6486;3
P0673;Lilia Barriga-Palacio;purvis@yahoo.ca;(428) 578-4074;6098;1
P0674;Alonso Patiño Roselló;stecoop@att.net;(656) 216-4346;2381;1
P0675;Miguel Ángel de Contreras;drhyde@comcast.net;(881) 452-6436;4207;1
P0676;Selena Sales Cerdá;dpitts@live.com;(880) 330-4367;7025;2
P0677;Roldán León Mateo Melero;jgmyers@comcast.net;(429) 720-3254;1143;2
P0678;Severiano Llorente Calatayud;ninenine@comcast.net;(655) 684-6687;4446;2
P0679;Maite Mercader Sotelo;uraeus@mac.com;(600) 501-2527;970;1
P0680;Daniela de Jove;sakusha@yahoo.com;(338) 301-2600;7113;1
P0681;Calixta Fábregas Caballero;mcmillan@yahoo.ca;(666) 419-9076;8412;2
P0682;Fidela del Águila;gknauss@mac.com;(709) 470-7302;6435;1
P0683;Reynaldo Rosselló Sosa;fairbank@outlook.com;(873) 234-7271;4044;2
P0684;Leandra Arranz Viana;ghost@msn.com;(871) 296-7834;3958;3
P0685;Luis Ángel Montenegro-Cózar;sriha@verizon.net;(635) 321-1365;1685;3
P0686;Alma del Cantón;teverett@gmail.com;(817) 468-2875;2089;3
P0687;Blanca Cal-Alegria;dbanarse@sbcglobal.net;(937) 415-9164;855;3
P0688;Noemí Gelabert Benítez;tattooman@mac.com;(821) 976-7611;4029;3
P0689;Desiderio Soto Marin;matty@yahoo.com;(883) 728-6345;851;3
P0690;Edelmira Serna-Corbacho;hwestiii@yahoo.com;(307) 852-6483;6056;1
P0691;Fulgencio Ávila Castellanos;cisugrad@comcast.net;(262) 502-8998;2723;1
P0692;Noé Leon Iñiguez;parksh@att.net;(467) 295-3488;4857;1
P0693;Hilario Donaire Zabaleta;chrisj@outlook.com;(617) 413-7787;3218;2
P0694;Antonio Pardo-Bilbao;burniske@sbcglobal.net;(959) 319-5027;8430;3
P0695;Anna Montoya Dalmau;ranasta@att.net;(984) 436-1146;7189;2
P0696;Estrella Rosalina Riquelme Sevillano;jshirley@outlook.com;(656) 814-0514;6364;2
P0697;María Dolores Mirta Landa Peláez;chrisj@mac.com;(579) 446-8133;5260;2
P0698;Ainoa Mesa Sáez;evilopie@mac.com;(874) 564-7324;3110;1
P0699;Santiago Benitez Almeida;catalog@aol.com;(397) 510-8053;5139;3
P0700;Ariel Álvaro;kjetilk@att.net;(949) 386-4114;3046;2
P0701;Octavio de Milla;report@msn.com;(674) 632-3946;5638;3
P0702;Artemio Manso Adadia;druschel@msn.com;(355) 310-0684;5684;2
P0703;Reinaldo Pol;gknauss@me.com;(363) 527-8562;3869;2
P0704;Sigfrido Delgado Jara;munjal@mac.com;(891) 323-0418;4062;1
P0705;Estefanía Uribe Agullo;mhassel@att.net;(382) 692-8580;4789;2
P0706;Julio Morata Llopis;rcwil@outlook.com;(334) 235-3219;4444;1
P0707;Marcela Uría Peñas;fairbank@me.com;(433) 569-6143;5760;2
P0708;Narcisa Camino Sevilla;luebke@aol.com;(561) 989-6966;4107;1
P0709;Marisa Arnaiz Llobet;jcholewa@hotmail.com;(787) 860-6862;1695;1
P0710;Edelmiro Tena Guerrero;crusader@yahoo.ca;(403) 728-9711;6546;1
P0711;Violeta Buendía Bárcena;djupedal@gmail.com;(697) 851-5459;8137;3
P0712;Victoriano Sancho Llanos;dcoppit@sbcglobal.net;(991) 797-3376;6269;1
P0713;José Escamilla Iñiguez;netsfr@verizon.net;(313) 944-3592;4203;2
P0714;Leticia Iglesias-Carretero;gfxguy@icloud.com;(378) 904-3784;5904;2
P0715;Alejandra Vega Martínez;teverett@mac.com;(656) 295-8917;5168;3
P0716;Teófila Prat-Valls;hedwig@outlook.com;(724) 696-0234;7923;1
P0717;Germán Llopis Aranda;dgatwood@comcast.net;(216) 357-0584;442;1
P0718;Domingo Canet-Llorente;mjewell@optonline.net;(348) 893-2036;2034;2
P0719;Ale España Tejera;jmcnamara@icloud.com;(272) 487-7128;4356;3
P0720;Lucio Morata-Villalobos;eurohack@yahoo.ca;(614) 434-5166;2488;1
P0721;Alma Bonet Alberola;lauronen@outlook.com;(654) 381-9880;7138;1
P0722;Abigaíl Planas Estévez;webteam@yahoo.com;(684) 703-7325;1839;3
P0723;Primitiva Casares Ruano;timlinux@verizon.net;(609) 359-0433;2850;2
P0724;Haroldo Diéguez Llopis;magusnet@icloud.com;(203) 856-2849;5950;1
P0725;Marc Pelayo Rovira;aegreene@att.net;(682) 350-8495;6069;3
P0726;Concepción del Montes;miturria@comcast.net;(537) 673-1052;6786;2
P0727;Cecilia Cortes Mendoza;mavilar@yahoo.ca;(567) 349-8068;7014;3
P0728;Flavio Peña-Arana;pizza@aol.com;(452) 613-6215;5941;1
P0729;Rafael Caro Quevedo;pajas@msn.com;(911) 332-4037;2528;3
P0730;Roldán Aparicio Recio;wortmanj@icloud.com;(759) 523-1918;8222;2
P0731;Gisela Balaguer;msusa@optonline.net;(848) 433-5461;2674;1
P0732;Eloísa Infante Requena;drezet@yahoo.com;(378) 599-3981;4220;2
P0733;Guillermo Peñas;steve@me.com;(571) 700-8038;3013;3
P0734;Arturo Iborra;natepuri@hotmail.com;(869) 514-3107;1039;2
P0735;Julián Solé Maestre;teverett@optonline.net;(561) 840-0529;7923;2
P0736;Donato Peralta Araujo;neuffer@comcast.net;(741) 565-0687;597;2
P0737;Marcelo Loreto Zabaleta Coello;ylchang@verizon.net;(323) 410-9851;457;3
P0738;Gustavo Jerónimo Carvajal Sancho;xnormal@live.com;(603) 376-1597;2625;1
P0739;Victor de Sastre;jrkorson@icloud.com;(835) 472-7119;1184;1
P0740;Paco Múñiz Becerra;dpitts@verizon.net;(889) 670-8434;6241;3
P0741;Vito Torrents Bellido;grady@comcast.net;(686) 629-1665;2902;3
P0742;Teodoro Osorio Carpio;hllam@outlook.com;(685) 627-4277;8280;2
P0743;Santiago Díaz Reina;torgox@verizon.net;(871) 754-1460;7943;1
P0744;Graciana Pintor Alba;munson@mac.com;(397) 447-9975;8147;3
P0745;Máximo Tirado;twoflower@verizon.net;(814) 429-2567;870;2
P0746;Régulo del Pou;fudrucker@yahoo.com;(917) 707-7038;2567;3
P0747;María Samper Sedano;boein@sbcglobal.net;(422) 564-7544;6297;1
P0748;Chema Andrade Gabaldón;hling@sbcglobal.net;(972) 833-6845;6328;1
P0749;María José Miranda Llano;scotfl@sbcglobal.net;(906) 742-5904;5781;2
P0750;Hilda Ayllón Batalla;whimsy@msn.com;(721) 948-2183;7004;3
P0751;Armida Vizcaíno Iniesta;codex@optonline.net;(280) 829-1894;1525;2
P0752;Sara Corominas Blanca;wbarker@sbcglobal.net;(852) 210-4614;5591;1
P0753;Jenny Palomares Baena;stecoop@att.net;(285) 253-9406;1997;3
P0754;Luciana de Salinas;miami@msn.com;(677) 831-7818;5260;1
P0755;Nicolasa Arcos Oller;lydia@outlook.com;(628) 745-9180;3788;2
P0756;Noa Corbacho Becerra;dalamb@optonline.net;(799) 964-5080;4509;2
P0757;Adán Cabeza Uría;damian@live.com;(431) 296-6737;3935;2
P0758;Marina Sedano Pujadas;mnemonic@yahoo.ca;(830) 227-9693;1033;3
P0759;Carmelita de Vizcaíno;ideguy@yahoo.com;(774) 703-4142;2998;3
P0760;Francisco Jose Carnero Noguera;lbaxter@att.net;(386) 909-2525;4765;1
P0761;Jacinto Aranda Ayllón;moxfulder@aol.com;(522) 458-6527;4163;2
P0762;Fabiola Samper Alfonso;osrin@me.com;(696) 377-6948;5856;1
P0763;Balduino Serra;pgottsch@optonline.net;(500) 627-0956;2387;3
P0764;Pili Pina Pozuelo;rohitm@sbcglobal.net;(224) 693-4039;1594;1
P0765;Mariano de Aguilar;plover@comcast.net;(455) 204-3718;2248;2
P0766;Ana Belén Martinez Cuéllar;melnik@me.com;(245) 591-6852;3149;3
P0767;Apolonia Rivero Cañas;isotopian@hotmail.com;(433) 212-3868;1427;2
P0768;Ricarda Hernando Hoz;mdielmann@msn.com;(495) 275-4852;4527;2
P0769;María Fernanda Fuster Artigas;draper@optonline.net;(642) 295-3504;5670;3
P0770;Venceslás Hoyos Palacios;plover@yahoo.com;(946) 962-4147;2776;1
P0771;Basilio Royo Elías;odlyzko@me.com;(670) 984-0102;3144;3
P0772;Moisés Malo Merino;brainless@aol.com;(650) 489-1262;3453;3
P0773;Alfonso Vinicio Montoya Diaz;bogjobber@verizon.net;(745) 515-7670;4982;1
P0774;Prudencio Herranz;pthomsen@yahoo.com;(418) 982-2387;2155;1
P0775;Ascensión Gutiérrez Domínguez;fukuchi@me.com;(399) 276-0829;3334;1
P0776;Baltasar de Valenciano;starstuff@icloud.com;(485) 996-8883;7810;3
P0777;Fernanda Arcos Tomás;phyruxus@gmail.com;(574) 612-7604;4681;2
P0778;Bernardo Otero Cabrero;seasweb@att.net;(601) 737-8053;311;2
P0779;Felicidad Roca Font;crobles@hotmail.com;(464) 792-1295;3913;2
P0780;Guadalupe del Roldan;augusto@live.com;(548) 720-8452;3009;1
P0781;Aroa Nieto;debest@mac.com;(237) 353-4464;1059;3
P0782;Pánfilo Villalobos Villar;klaudon@verizon.net;(279) 927-3246;1920;2
P0783;Alonso Frías Gámez;arnold@me.com;(683) 987-4695;4419;3
P0784;Gerardo Aitor Sáenz Martín;hager@live.com;(353) 908-6912;3996;2
P0785;Nadia España-Salazar;ozawa@me.com;(588) 264-0372;4240;2
P0786;Bernardo Fabregat Pombo;pajas@yahoo.com;(260) 867-3622;236;3
P0787;Pía Perlita Pina Vallés;ilyaz@yahoo.com;(278) 902-7680;1551;1
P0788;Susanita Cortes Diego;cosimo@msn.com;(809) 353-3010;7704;2
P0789;Rosalina Jaume Rovira;weazelman@hotmail.com;(810) 209-1023;6487;2
P0790;Gaspar Riba;tangsh@me.com;(512) 430-3539;1105;3
P0791;Ismael Colomer Barberá;esbeck@icloud.com;(701) 838-3503;7490;3
P0792;Maricruz Haro;andrei@yahoo.ca;(704) 249-1649;1579;3
P0793;Anita Valdés Sarabia;tsuruta@sbcglobal.net;(837) 653-8149;4302;2
P0794;Teobaldo Cózar Blanch;ateniese@hotmail.com;(584) 982-6760;2891;1
P0795;Iris Valera Santiago;biglou@comcast.net;(722) 473-2852;7863;3
P0796;Sonia Isabel Trillo Lasa;muadip@msn.com;(270) 845-9099;2339;1
P0797;Carmina Bernarda Castro Casado;dwsauder@sbcglobal.net;(939) 623-3386;7285;3
P0798;Guiomar Fabregat Prieto;jfreedma@verizon.net;(790) 765-6974;4666;3
P0799;Artemio Montes Bautista;tubajon@sbcglobal.net;(907) 941-1305;2426;1
P0800;Che Manuel Bello;noahb@gmail.com;(644) 823-3636;3959;2
P0801;Merche Reguera Plaza;rgiersig@aol.com;(990) 222-4687;5218;2
P0802;María Manuela Sabater Arana;jguyer@gmail.com;(448) 264-8650;3033;3
P0803;Petrona Luján Corral;dvdotnet@msn.com;(799) 916-0382;4348;3
P0804;Modesto de Tena;leviathan@msn.com;(479) 201-0900;1416;1
P0805;Fernanda Tirado Martin;metzzo@icloud.com;(309) 916-0700;3399;1
P0806;Beatriz Infante Almagro;kassiesa@comcast.net;(752) 943-5453;4019;2
P0807;Fátima Cánovas;jsbach@optonline.net;(932) 523-5964;1121;2
P0808;Enrique Salamanca Ávila;aglassis@yahoo.ca;(632) 567-0133;1239;1
P0809;Pili Estévez-Buendía;balchen@gmail.com;(889) 255-3973;3971;1
P0810;Nico Ávila;jsnover@att.net;(225) 605-0662;2299;1
P0811;Sofía Guillén-Montero;dwendlan@verizon.net;(602) 351-2564;3476;2
P0812;Nilo Colom Artigas;telbij@att.net;(645) 933-2526;3812;1
P0813;Itziar Solano Gimenez;chaikin@icloud.com;(973) 758-1168;6562;3
P0814;José Antonio del Ferrer;lauronen@outlook.com;(304) 287-5009;6994;3
P0815;Rufino Tudela Soler;jigsaw@msn.com;(666) 411-1960;6878;2
P0816;Gabriel del Tomas;mbrown@msn.com;(227) 227-0791;6382;3
P0817;Jose Carlos de Ocaña;dialworld@sbcglobal.net;(263) 679-4242;3708;1
P0818;Bienvenida Gilabert-Aguilera;benanov@verizon.net;(686) 485-2145;3338;3
P0819;Sancho Melero Palma;jnolan@optonline.net;(724) 320-3828;8260;2
P0820;Rosenda Planas Pozuelo;sassen@icloud.com;(689) 468-1028;3753;2
P0821;Olalla Mendez Chamorro;wbarker@yahoo.ca;(800) 589-1339;7259;3
P0822;Candelaria Antón Roda;tellis@hotmail.com;(852) 954-4338;6864;3
P0823;Abraham Mate Moya;kludge@mac.com;(817) 589-6264;262;2
P0824;Graciano Ariño Almansa;gozer@sbcglobal.net;(897) 384-1648;7227;1
P0825;Kike Solera Arregui;portele@live.com;(859) 804-1249;3396;2
P0826;Calixto Blas Segarra Galindo;pgottsch@live.com;(376) 936-4911;7312;2
P0827;Elías Coello Cisneros;crandall@gmail.com;(387) 440-8982;4191;2
P0828;Juan Azcona-Bautista;noneme@optonline.net;(880) 352-9350;2305;1
P0829;Leocadia de Azorin;phizntrg@outlook.com;(485) 294-4054;5754;2
P0830;Nilda Ruano Calleja;bmidd@hotmail.com;(791) 605-2725;8260;1
P0831;Gilberto Acevedo Vallejo;godeke@yahoo.ca;(987) 837-1560;5700;1
P0832;Ezequiel de Sanmiguel;smartfart@msn.com;(905) 829-7998;885;3
P0833;Julia Oliveras Borja;report@optonline.net;(991) 660-9687;4343;3
P0834;Crescencia de Nicolau;stellaau@hotmail.com;(982) 244-1518;7098;3
P0835;Sarita Rivas Pinilla;cparis@verizon.net;(624) 497-0185;7775;2
P0836;Bernardino del Cruz;muzzy@yahoo.com;(445) 750-1826;1668;1
P0837;Magdalena Morcillo;jlbaumga@icloud.com;(311) 232-8817;8482;1
P0838;Roberta Carlota Boada Vara;murty@msn.com;(558) 372-0174;5318;3
P0839;Miriam Martín Casado;jusdisgi@icloud.com;(626) 677-5598;3785;1
P0840;Rubén Cañas Lastra;gfxguy@yahoo.com;(501) 272-7008;6035;3
P0841;Íñigo Donaire Peiró;hellfire@comcast.net;(912) 710-3258;3352;3
P0842;Pánfilo Camacho-Coll;gozer@yahoo.ca;(540) 819-0448;4020;3
P0843;Gerardo Goicoechea Osorio;haddawy@sbcglobal.net;(731) 654-1893;2247;1
P0844;Bibiana del Morán;sartak@outlook.com;(403) 866-6470;7739;2
P0845;Candelario Vallejo-Arteaga;caronni@optonline.net;(785) 212-3308;2043;3
P0846;Rubén Pino;aglassis@msn.com;(927) 558-1795;3531;3
P0847;Clarisa Soriano Lumbreras;uncle@yahoo.com;(983) 470-5910;5959;1
P0848;Milagros Fonseca Mendez;emmanuel@me.com;(843) 518-0566;410;1
P0849;Trinidad Cobo Mármol;joelw@outlook.com;(512) 604-0806;6091;1
P0850;Graciana Juan Llorente;pemungkah@gmail.com;(263) 756-4415;8439;3
P0851;Sara Girona-Rebollo;bader@outlook.com;(868) 436-1686;2337;1
P0852;Inmaculada Chaparro-Batlle;kaiser@comcast.net;(484) 896-1490;2363;1
P0853;Socorro Pinedo Millán;thaljef@hotmail.com;(790) 702-9364;6007;3
P0854;Lope Criado Echevarría;grolschie@outlook.com;(857) 452-4995;2617;2
P0855;Teo Llopis Piña;dkrishna@msn.com;(541) 613-1873;1998;1
P0856;Adela Torrecilla;gtewari@sbcglobal.net;(955) 721-8975;7430;3
P0857;Alcides Porfirio Planas Ureña;pereinar@live.com;(621) 478-0644;7784;1
P0858;Pascuala Linares Manso;mhassel@att.net;(488) 569-4836;8423;2
P0859;Narcisa Franco;chance@outlook.com;(781) 743-7837;1047;2
P0860;Yago Zabaleta Catalán;report@gmail.com;(811) 777-4536;6130;3
P0861;Etelvina Clavero Malo;bigmauler@optonline.net;(723) 467-3052;8397;1
P0862;Adora del Juárez;nighthawk@att.net;(312) 536-7523;2812;1
P0863;Crescencia Higueras Roldán;elmer@live.com;(964) 794-4304;1226;3
P0864;Sara Francisco;arathi@gmail.com;(355) 304-5638;1760;3
P0865;Magdalena Barreda Benitez;ngedmond@mac.com;(291) 223-0014;2954;2
P0866;Maribel Moles Campos;noneme@mac.com;(849) 843-5593;1616;3
P0867;Eric Saavedra Robledo;nullchar@me.com;(305) 465-5434;4234;2
P0868;Ángeles Escribano Abad;jdray@outlook.com;(362) 558-4559;7816;2
P0869;Armida Muro Miró;carcus@me.com;(960) 493-7585;4423;2
P0870;Beatriz Bautista Jiménez;kosact@att.net;(811) 757-4188;6699;2
P0871;Fabián Casals Granados;bahwi@icloud.com;(341) 470-3468;4451;2
P0872;Reinaldo Espejo Casanovas;jfmulder@live.com;(201) 915-6080;3613;2
P0873;Ani Lobato Casas;garland@verizon.net;(761) 458-2063;6644;1
P0874;Lucía Esparza Palomo;fwitness@verizon.net;(200) 651-4382;7299;2
P0875;Francisco Jordá Lamas;seebs@outlook.com;(778) 610-8319;5894;1
P0876;Azahar Luján Cámara;dodong@verizon.net;(789) 984-8715;7595;1
P0877;Miguela del Sanmartín;caronni@msn.com;(594) 787-2708;6687;2
P0878;Anastasio Sáenz Yáñez;kramulous@hotmail.com;(377) 372-3122;6872;2
P0879;Concepción Ayuso;gbacon@mac.com;(459) 844-6504;1120;1
P0880;Édgar Pablo Infante Alsina;gboss@gmail.com;(232) 890-3945;1162;2
P0881;Flor Olimpia Gallart Roca;hoangle@verizon.net;(515) 462-4048;3118;2
P0882;María Del Carmen Calista Cazorla Terrón;crypt@comcast.net;(854) 269-0953;6522;1
P0883;Jonatan Eutropio Higueras Rey;daveed@gmail.com;(409) 900-7651;5147;2
P0884;Marciano Quevedo Pacheco;frode@me.com;(570) 285-0298;6413;2
P0885;Candelas Fiol-Montes;bbirth@optonline.net;(429) 290-3963;1036;2
P0886;Josué Macias Llorens;mailarc@comcast.net;(439) 234-2138;7789;3
P0887;Roberta Cobos Baeza;dpitts@msn.com;(666) 532-5881;8473;2
P0888;Custodio Agullo Escudero;boomzilla@att.net;(675) 770-6870;7349;1
P0889;Arcelia Melero Ibarra;caidaperl@yahoo.ca;(940) 385-0336;3899;1
P0890;Pascual Manso Roldan;wilsonpm@verizon.net;(494) 349-0559;1860;2
P0891;Ale Campoy Saura;manuals@msn.com;(546) 756-3514;2088;3
P0892;Javi del Sevillano;jbuchana@yahoo.ca;(826) 835-5206;7973;3
P0893;Simón del Jaén;scarolan@mac.com;(698) 959-4885;6346;1
P0894;Cintia Neira Salvà;mugwump@att.net;(523) 385-7815;5097;1
P0895;Heraclio Reyes Espada;hager@sbcglobal.net;(776) 886-0839;5470;2
P0896;Brígida Guijarro Meléndez;grothoff@me.com;(760) 226-0058;1593;3
P0897;Valentín Artigas Carnero;drezet@aol.com;(793) 605-8949;5799;2
P0898;Pastor Néstor Villa Bermudez;yfreund@me.com;(359) 852-7301;5316;1
P0899;Ángeles Garriga Garriga;goldberg@comcast.net;(870) 260-9137;4330;2
P0900;Marco de Casal;agolomsh@outlook.com;(661) 540-5655;1720;2
P0901;Juan Luis Rodrigo-Barceló;rddesign@icloud.com;(705) 559-1026;3762;3
P0902;Anita Isaura Piña Fonseca;dsugal@icloud.com;(328) 391-4383;6205;3
P0903;Concepción Carreño Moll;ralamosm@verizon.net;(833) 427-2021;4911;1
P0904;Pepe Cid;grossman@msn.com;(966) 903-0119;4407;3
P0905;Florentino Amat Mancebo;twoflower@outlook.com;(331) 737-6554;6120;2
P0906;Gilberto Alberola;rbarreira@live.com;(514) 430-8477;6255;3
P0907;Eliana Bejarano Taboada;mbrown@att.net;(734) 741-4297;7854;3
P0908;Chelo Casanova;shazow@aol.com;(243) 506-8282;3041;1
P0909;Ariadna Marí-Hurtado;amcuri@icloud.com;(731) 570-4351;4841;2
P0910;Lourdes Renata Izquierdo Núñez;kostas@yahoo.ca;(209) 922-4703;4786;1
P0911;Aurelia Gonzalez Pedraza;jespley@yahoo.com;(971) 863-9909;614;3
P0912;Melchor Feijoo Garrido;knorr@icloud.com;(332) 928-3183;2292;3
P0913;Ileana Vicens;wildixon@comcast.net;(668) 800-1739;4672;2
P0914;Silvestre de Figueras;seano@me.com;(794) 945-8589;5145;3
P0915;Rosalina Castejón Rius;ganter@icloud.com;(457) 717-4549;6667;1
P0916;Ulises de Company;schumer@optonline.net;(992) 904-9998;3769;2
P0917;Rodrigo Agustín Blanes;rcwil@verizon.net;(583) 971-5741;3701;3
P0918;Florentino Amor-Varela;uraeus@yahoo.ca;(802) 464-3175;4441;2
P0919;Martín Arroyo Bermúdez;sartak@me.com;(921) 965-9998;966;3
P0920;Dulce Luna-Ayllón;cosimo@live.com;(670) 816-5091;4173;3
P0921;Mauricio Acedo Llorente;loscar@live.com;(230) 771-4639;5829;3
P0922;Herberto Mora Pina;netsfr@hotmail.com;(387) 803-4372;6519;3
P0923;Ágata del Colom;wonderkid@verizon.net;(772) 814-2029;3042;3
P0924;Ani Tejada Vicente;dogdude@hotmail.com;(926) 375-8929;555;2
P0925;Macario Acosta Salgado;goldberg@aol.com;(977) 980-8271;4379;2
P0926;Candelas del Blanca;bastian@me.com;(603) 824-4778;4160;1
P0927;Florentina Almansa-Verdugo;animats@optonline.net;(671) 485-8520;6696;1
P0928;María Manuela Asensio-Múñiz;claesjac@icloud.com;(656) 307-7278;4430;3
P0929;Conrado Ordóñez Cerro;esokullu@optonline.net;(415) 583-9101;2304;3
P0930;Rafaela de Collado;nacho@yahoo.ca;(692) 768-7903;8118;3
P0931;Lucas Ramírez Casado;blixem@att.net;(953) 922-6201;3326;1
P0932;Victor Manuel Fermín Malo Cánovas;agolomsh@gmail.com;(642) 558-6586;5254;1
P0933;Rafa Puerta Santiago;ryanvm@me.com;(362) 941-6578;5291;1
P0934;Epifanio Régulo Rovira Morán;timlinux@yahoo.ca;(532) 391-8428;1954;2
P0935;Adán Larrea Roig;chinthaka@me.com;(616) 531-6414;6437;2
P0936;Apolonia Cal Ferrando;stern@comcast.net;(875) 974-3374;4963;3
P0937;Sonia Aller-Aparicio;attwood@comcast.net;(209) 382-8964;4008;2
P0938;Alex Azorin Cañete;sharon@gmail.com;(612) 865-5924;4239;1
P0939;Ascensión Ugarte Tomas;aardo@mac.com;(544) 527-8533;2850;3
P0940;Pascuala Diego Gomis;dexter@sbcglobal.net;(369) 942-3539;7646;3
P0941;Camilo del Chico;kawasaki@mac.com;(811) 350-3002;7824;3
P0942;Cruz Aroca-Cózar;xtang@mac.com;(333) 321-9130;4804;2
P0943;Gabriel Valdés;skythe@att.net;(287) 811-5952;1984;2
P0944;Eusebia de Rincón;kourai@gmail.com;(249) 289-5344;1666;1
P0945;Celestino Matas Iriarte;bowmanbs@hotmail.com;(790) 466-3839;7051;1
P0946;Jacinto Lago Clemente;bockelboy@mac.com;(240) 557-7222;6613;2
P0947;Ezequiel Cortina Jódar;overbom@mac.com;(972) 335-8923;1226;2
P0948;Cirino Paniagua Gutiérrez;kalpol@outlook.com;(404) 309-6254;2338;3
P0949;Ana Sofía Ojeda-Pozuelo;parrt@msn.com;(899) 628-1144;1338;1
P0950;Florencia Sáenz Bas;tokuhirom@msn.com;(212) 369-0661;2421;2
P0951;Guadalupe José María Manrique Barriga;thrymm@optonline.net;(892) 894-0671;7142;2
P0952;Curro Eugenio Arana Gomez;wilsonpm@gmail.com;(877) 882-8646;3001;2
P0953;Jacinto Adelardo Roselló Yuste;bhtower@icloud.com;(834) 243-8075;3834;2
P0954;Herminia Polo Ayllón;avalon@outlook.com;(417) 962-0520;2856;2
P0955;Celia Acero-Lastra;adhere@me.com;(325) 903-8081;5343;2
P0956;Magdalena Eva María Mosquera Delgado;jguyer@yahoo.ca;(983) 782-8655;2132;1
P0957;Rita Moles Roca;muzzy@verizon.net;(486) 311-8174;7825;2
P0958;Baldomero Cabello;knorr@yahoo.com;(322) 961-9701;1826;3
P0959;Rómulo Salmerón Carreño;grossman@yahoo.ca;(663) 632-3871;402;1
P0960;Vasco Polo Baños;empathy@msn.com;(351) 219-7886;3186;1
P0961;Teresita Sobrino Palomares;rogerspl@msn.com;(467) 439-6064;4112;2
P0962;Arsenio Castejón Zabala;kmself@yahoo.ca;(491) 701-5937;1464;1
P0963;Ileana Galvez;enintend@verizon.net;(892) 525-1657;1770;3
P0964;Sabina Iñiguez Alberto;carmena@me.com;(682) 961-8727;6699;2
P0965;Ángela Pozo;hutton@hotmail.com;(961) 476-4102;1254;1
P0966;Natividad Castilla Cobos;shang@hotmail.com;(369) 944-1698;1072;3
P0967;Candelario Santos Ferrándiz;firstpr@gmail.com;(477) 311-4086;3159;2
P0968;Poncio Felix Llamas Folch;cyrus@yahoo.com;(984) 929-2294;1099;3
P0969;Juanita Múgica Díez;choset@me.com;(881) 418-9015;7146;3
P0970;Cayetana Caballero Huguet;blixem@aol.com;(577) 892-9494;5515;1
P0971;Urbano Gómez Atienza;kourai@verizon.net;(203) 537-4405;3251;2
P0972;Vito Mesa-Ayala;catalog@mac.com;(917) 921-0105;8359;1
P0973;Teo Carreras Prats;wortmanj@yahoo.com;(522) 651-9577;1678;1
P0974;Gabriela Checa Castrillo;wikinerd@yahoo.ca;(314) 827-4799;5739;1
P0975;Francisco Javier del Feijoo;munson@live.com;(609) 403-2608;7063;3
P0976;Jenaro del Ferrero;stomv@me.com;(827) 583-0803;980;3
P0977;Mario del Fonseca;jimxugle@mac.com;(543) 855-9169;7892;3
P0978;Estefanía Llobet Villalba;timlinux@icloud.com;(491) 737-9446;2843;2
P0979;Haroldo Aguilar Monreal;roesch@gmail.com;(427) 734-7146;6294;1
P0980;Cleto Capdevila;kronvold@icloud.com;(464) 753-5716;5211;1
P0981;Ariel Toro Corbacho;fmerges@msn.com;(474) 633-1272;5827;2
P0982;Nilda Quintana Nevado;drhyde@mac.com;(392) 759-6919;6729;3
P0983;Rufina Moya Verdú;sburke@live.com;(294) 503-8835;2008;1
P0984;Pili Sánchez Pla;arathi@sbcglobal.net;(248) 392-3472;329;1
P0985;Rómulo Herranz-Gallart;munge@yahoo.ca;(853) 740-8378;8394;2
P0986;Benjamín Ceferino Parejo Quintanilla;jmcnamara@mac.com;(824) 278-8055;6929;3
P0987;Mónica Barco;matty@yahoo.com;(416) 821-7869;1201;2
P0988;Julián Rivero Barón;noahb@hotmail.com;(506) 870-0278;5527;2
P0989;Pepe Cepeda Valle;kudra@msn.com;(365) 253-9085;5686;1
P0990;Severino Montesinos Benet;jelmer@verizon.net;(671) 566-4211;4046;2
P0991;Marianela Llorens-Alfaro;joelw@me.com;(982) 429-1581;4573;3
P0992;Teresita Rosa Carrillo Valcárcel;tangsh@verizon.net;(588) 638-5302;3806;3
P0993;Godofredo Avilés Hernando;lukka@sbcglobal.net;(851) 361-6359;7018;1
P0994;Luisa Eva María Guitart Expósito;keijser@yahoo.ca;(816) 568-5911;3341;2
P0995;Gabriel Arnau;telbij@yahoo.com;(456) 843-7004;7876;2
P0996;Gala Millán Ribera;payned@mac.com;(655) 690-1559;4703;2
P0997;Luis Ángel Llanos Benavente;chrwin@live.com;(444) 586-0540;2786;1
P0998;Tere Monreal Botella;stellaau@me.com;(752) 359-9358;3442;2
P0999;Pepito Catalá-Niño;elmer@verizon.net;(716) 835-7132;2505;1
